MSNDATE,MSNDATE-CORR,THEATER,NAF,COUNTRY_FLYING_MISSION,TGT_COUNTRY,TGT_LOCATION,TGT_TYPE,TGT_ID,TGT_INDUSTRY,LATITUDE,LONGITUDE,AIRCRAFT_NAME,TONS_HE,TONS_IC,TONS_FRAG,TOTAL_TONS
8/15/1943,15/08/43,MTO,12 AF,USA,ITALY,SPADAFORA,,40675,,38.22,15.37,A36,10,,,10
2/20/1945,20/02/45,PTO,5 AF,USA,PHILIPPINE ISLANDS,PUERTA PRINCESA,UNIDENTIFIED TARGET,,,9.75,118.75,A20,,,,
8/15/1943,15/08/43,MTO,12 AF,USA,ITALY,COSENZA,,9630,,39.27,16.25,A36,9,,,9
8/15/1943,15/08/43,MTO,12 AF,USA,ITALY,GIOJA TAURO,,16140,,38.43,15.9,A36,7.5,,,7.5
2/23/1945,23/02/45,PTO,5 AF,USA,PHILIPPINE ISLANDS,BALETE PASS,WOODED AREA,,,1.608.333.333,1.209.166.667,A20,,,,
2/26/1945,26/02/45,PTO,5 AF,USA,PHILIPPINE ISLANDS,PUERTA PRINCESA,UNIDENTIFIED TARGET,,,9.75,118.75,A20,,,,
03/11/1945,01/12/44,PTO,5 AF,USA,FORMOSA AND RYUKYU ISLANDS,FORMOSA,UNIDENTIFIED TARGET,,,24,121,B25,,,,
03/11/1945,01/12/44,PTO,5 AF,USA,PHILIPPINE ISLANDS,CABALLO,UNIDENTIFIED TARGET,,,1.433.333.333,1.205.833.333,P47,,,,
8/15/1943,15/08/43,MTO,12 AF,USA,ITALY,SCILLA,,39469,,38.23,15.72,A36,0,,,0
8/15/1943,15/08/43,MTO,12 AF,USA,ITALY,GIOJA TAURO,,16140,ARMAMENT AND ORDNANCE PLANTS,38.43,15.9,A36,0,,,0
3/20/1945,20/03/45,PTO,5 AF,USA,FRENCH INDO CHINA,HINH DINA,SHIPPING,,,1.358.333.333,109,B25,,,,
8/15/1943,15/08/43,ETO,RAF,GREAT BRITAIN,GERMANY,BERLIN,CITY AREA,3735,CITIES TOWNS AND URBAN AREAS,52.53,13.42,LIGHT,1,,,1
8/15/1943,15/08/43,ETO,RAF,GREAT BRITAIN,GERMANY,BERLIN,CITY AREA,3735,CITIES TOWNS AND URBAN AREAS,52.53,13.42,LIGHT,4,,,4
8/15/1943,15/08/43,ETO,,,HOLLAND OR NETHERLANDS,FLUSHING,,14129,AIR FIELDS AND AIRDROMES,51.4,3.53,B17,39,,,39
8/15/1943,15/08/43,ETO,,,HOLLAND OR NETHERLANDS,FLUSHING,,14129,AIR FIELDS AND AIRDROMES,51.4,3.53,B17,39,,,39
8/15/1943,15/08/43,ETO,,,HOLLAND OR NETHERLANDS,FLUSHING,,14129,AIR FIELDS AND AIRDROMES,51.4,3.53,B17,39,,,39
8/15/1943,15/08/43,ETO,,,FRANCE,AMIENS,AIRDROME,1063,AIR FIELDS AND AIRDROMES,49.9,2.3,B17,5,,,5
8/15/1943,15/08/43,ETO,,,FRANCE,AMIENS,AIRDROME,1063,AIR FIELDS AND AIRDROMES,49.9,2.3,B17,5,,,5
8/15/1943,15/08/43,ETO,,,FRANCE,AMIENS,AIRDROME,1063,AIR FIELDS AND AIRDROMES,49.9,2.3,B17,5,,,5
8/15/1943,15/08/43,ETO,,,FRANCE,AMIENS,AIRDROME,1063,AIR FIELDS AND AIRDROMES,49.9,2.3,B17,20,,,20
8/15/1943,15/08/43,ETO,,,FRANCE,AMIENS,AIRDROME,1063,AIR FIELDS AND AIRDROMES,49.9,2.3,B17,20,,,20
8/15/1943,15/08/43,ETO,,,FRANCE,AMIENS,AIRDROME,1063,AIR FIELDS AND AIRDROMES,49.9,2.3,B17,20,,,20
8/15/1943,15/08/43,ETO,,,HOLLAND OR NETHERLANDS,FLUSHING,,14129,AIR FIELDS AND AIRDROMES,51.4,3.53,B17,36,,,36
8/15/1943,15/08/43,ETO,,,HOLLAND OR NETHERLANDS,FLUSHING,,14129,AIR FIELDS AND AIRDROMES,51.4,3.53,B17,36,,,36
8/15/1943,15/08/43,ETO,,,HOLLAND OR NETHERLANDS,FLUSHING,,14129,AIR FIELDS AND AIRDROMES,51.4,3.53,B17,36,,,36
8/15/1943,15/08/43,ETO,,,FRANCE,AMIENS,AIRDROME,1063,AIR FIELDS AND AIRDROMES,49.9,2.3,B17,,,,
8/15/1943,15/08/43,ETO,,,FRANCE,AMIENS,AIRDROME,1063,AIR FIELDS AND AIRDROMES,49.9,2.3,B17,,,,
8/15/1943,15/08/43,ETO,,,FRANCE,AMIENS,AIRDROME,1063,AIR FIELDS AND AIRDROMES,49.9,2.3,B17,,,,
8/15/1943,15/08/43,ETO,,,HOLLAND OR NETHERLANDS,FLUSHING,,14129,PORTS AND HARBORS,51.4,3.53,B17,32,,,32
8/15/1943,15/08/43,ETO,,,HOLLAND OR NETHERLANDS,FLUSHING,,14129,PORTS AND HARBORS,51.4,3.53,B17,32,,,32
8/15/1943,15/08/43,ETO,,,FRANCE,VITRY EN ARTOIS,AIRDROME,45581,AIR FIELDS AND AIRDROMES,50.33,2.98,B17,48,,,48
8/15/1943,15/08/43,ETO,,,FRANCE,VITRY EN ARTOIS,AIRDROME,45581,AIR FIELDS AND AIRDROMES,50.33,2.98,B17,48,,,48
8/15/1943,15/08/43,ETO,,,FRANCE,VITRY EN ARTOIS,AIRDROME,45581,AIR FIELDS AND AIRDROMES,50.33,2.98,B17,48,,,48
8/15/1943,15/08/43,ETO,,,FRANCE,VITRY EN ARTOIS,AIRDROME,45581,AIR FIELDS AND AIRDROMES,50.33,2.98,B17,25,,,25
8/15/1943,15/08/43,ETO,,,FRANCE,VITRY EN ARTOIS,AIRDROME,45581,AIR FIELDS AND AIRDROMES,50.33,2.98,B17,25,,,25
8/15/1943,15/08/43,ETO,,,FRANCE,VITRY EN ARTOIS,AIRDROME,45581,AIR FIELDS AND AIRDROMES,50.33,2.98,B17,25,,,25
8/15/1943,15/08/43,ETO,,,FRANCE,MERVILLE,AIRDROME,27637,AIR FIELDS AND AIRDROMES,50.63,2.63,B17,25,,,25
8/15/1943,15/08/43,ETO,,,FRANCE,MERVILLE,AIRDROME,27637,AIR FIELDS AND AIRDROMES,50.63,2.63,B17,25,,,25
8/15/1943,15/08/43,ETO,,,FRANCE,MERVILLE,AIRDROME,27637,AIR FIELDS AND AIRDROMES,50.63,2.63,B17,25,,,25
8/15/1943,15/08/43,ETO,,,FRANCE,MERVILLE,AIRDROME,27637,AIR FIELDS AND AIRDROMES,50.63,2.63,B17,25,,,25
8/15/1943,15/08/43,ETO,,,FRANCE,MERVILLE,AIRDROME,27637,AIR FIELDS AND AIRDROMES,50.63,2.63,B17,25,,,25
8/15/1943,15/08/43,ETO,,,FRANCE,MERVILLE,AIRDROME,27637,AIR FIELDS AND AIRDROMES,50.63,2.63,B17,25,,,25
8/15/1943,15/08/43,ETO,,,FRANCE,LILLE,AIRDROME,25077,AIR FIELDS AND AIRDROMES,50.63,3.07,B17,25,,,25
8/15/1943,15/08/43,ETO,,,FRANCE,LILLE,AIRDROME,25077,AIR FIELDS AND AIRDROMES,50.63,3.07,B17,25,,,25
8/15/1943,15/08/43,ETO,,,FRANCE,LILLE,AIRDROME,25077,AIR FIELDS AND AIRDROMES,50.63,3.07,B17,25,,,25
8/15/1943,15/08/43,ETO,,,FRANCE,MERVILLE,AIRDROME,27637,AIR FIELDS AND AIRDROMES,50.63,2.63,B17,,25,,25
8/15/1943,15/08/43,ETO,,,FRANCE,MERVILLE,AIRDROME,27637,AIR FIELDS AND AIRDROMES,50.63,2.63,B17,,25,,25
8/15/1943,15/08/43,ETO,,,FRANCE,MERVILLE,AIRDROME,27637,AIR FIELDS AND AIRDROMES,50.63,2.63,B17,25,,,25
8/15/1943,15/08/43,ETO,,,FRANCE,VITRY EN ARTOIS,AIRDROME,45581,AIR FIELDS AND AIRDROMES,50.33,2.98,B17,19,,,19
8/15/1943,15/08/43,ETO,,,FRANCE,VITRY EN ARTOIS,AIRDROME,45581,AIR FIELDS AND AIRDROMES,50.33,2.98,B17,19,,,19
8/15/1943,15/08/43,ETO,,,FRANCE,VITRY EN ARTOIS,AIRDROME,45581,AIR FIELDS AND AIRDROMES,50.33,2.98,B17,19,,,19
8/15/1943,15/08/43,ETO,,,HOLLAND OR NETHERLANDS,FLUSHING,,14129,AIR FIELDS AND AIRDROMES,51.4,3.53,B17,37,,,37
8/15/1943,15/08/43,ETO,,,HOLLAND OR NETHERLANDS,FLUSHING,,14129,AIR FIELDS AND AIRDROMES,51.4,3.53,B17,37,,,37
8/15/1943,15/08/43,ETO,,,HOLLAND OR NETHERLANDS,FLUSHING,,14129,AIR FIELDS AND AIRDROMES,51.4,3.53,B17,37,,,37
8/15/1943,15/08/43,ETO,,,HOLLAND OR NETHERLANDS,FLUSHING,,14129,AIR FIELDS AND AIRDROMES,51.4,3.53,B17,36,,,36
8/15/1943,15/08/43,ETO,,,HOLLAND OR NETHERLANDS,FLUSHING,,14129,AIR FIELDS AND AIRDROMES,51.4,3.53,B17,36,,,36
8/15/1943,15/08/43,ETO,,,HOLLAND OR NETHERLANDS,FLUSHING,,14129,AIR FIELDS AND AIRDROMES,51.4,3.53,B17,36,,,36
8/15/1943,15/08/43,ETO,RAF,GREAT BRITAIN,GERMANY,DUSSELDORF,CITY AREA,11714,CITIES TOWNS AND URBAN AREAS,51.22,6.78,LANCASTER,52,35,,87
"8/15/1943,15/08/43,ETO,,,FRANCE,ABBEVILLE,,38,""""""RR INSTALLATIONS"",,,,,,,"
"8/15/1943,15/08/43,ETO,,,FRANCE,ABBEVILLE,,38,""""""RR INSTALLATIONS"",,,,,,,"
8/15/1943,15/08/43,ETO,,,FRANCE,ST OMER,AIRDROME,41381,AIR FIELDS AND AIRDROMES,50.75,2.25,B26,33,,,33
8/15/1943,15/08/43,ETO,,,FRANCE,ST OMER,AIRDROME,41381,AIR FIELDS AND AIRDROMES,50.75,2.25,B26,33,,,33
8/15/1943,15/08/43,ETO,,,FRANCE,VITRY EN ARTOIS,AIRDROME,45581,AIR FIELDS AND AIRDROMES,50.33,2.98,B17,2,,,2
8/15/1943,15/08/43,ETO,,,FRANCE,VITRY EN ARTOIS,AIRDROME,45581,AIR FIELDS AND AIRDROMES,50.33,2.98,B17,2,,,2
8/15/1943,15/08/43,ETO,,,FRANCE,VITRY EN ARTOIS,AIRDROME,45581,AIR FIELDS AND AIRDROMES,50.33,2.98,B17,2,,,2
8/15/1943,15/08/43,MTO,12 AF,USA,ITALY,AGATA,SHIPPING,210,SHIPS,38.08,14.63,B25,2,,,2
8/15/1943,15/08/43,MTO,12 AF,USA,ITALY,AGATA,SHIPPING,210,SHIPS,38.08,14.63,B25,2,,,2
8/15/1943,15/08/43,MTO,12 AF,USA,ITALY,MESSINA,ROAD,27689,HIGHWAYS AND VEHICLES,38.18,15.57,B25,17,,,17
8/15/1943,15/08/43,MTO,12 AF,USA,ITALY,MESSINA,ROAD,27689,HIGHWAYS AND VEHICLES,38.18,15.57,B25,17,,,17
"8/15/1943,15/08/43,MTO,12 AF,USA,ITALY,SAPRI,MARSHALL YARD,38357,""""""RR INSTALLATIONS"",,,,,,,"
"8/15/1943,15/08/43,MTO,12 AF,USA,ITALY,SAPRI,MARSHALL YARD,38357,""""""RR INSTALLATIONS"",,,,,,,"
8/15/1943,15/08/43,MTO,12 AF,USA,ITALY,37 20 N 014 00 E,SUPPLIES,90064,SUPPLY DUMPS AND WAREHOUSES,37.33,14,A20,1,,6,7
8/15/1943,15/08/43,MTO,12 AF,USA,ITALY,37 20 N 014 00 E,SUPPLIES,90064,SUPPLY DUMPS AND WAREHOUSES,37.33,14,A20,1,,6,7
8/15/1943,15/08/43,MTO,12 AF,USA,ITALY,37 20 N 014 00 E,SUPPLIES,90064,SUPPLY DUMPS AND WAREHOUSES,37.33,14,A20,1,,6,7
"8/15/1943,15/08/43,MTO,12 AF,USA,ITALY,SIBARI,MARSHALLING YARD,40038,""""""RR INSTALLATIONS"",,,,,,,"
"8/15/1943,15/08/43,MTO,12 AF,USA,ITALY,SIBARI,MARSHALLING YARD,40038,""""""RR INSTALLATIONS"",,,,,,,"
"8/15/1943,15/08/43,MTO,12 AF,USA,ITALY,SIBARI,MARSHALLING YARD,40038,""""""RR INSTALLATIONS"",,,,,,,"
"8/15/1943,15/08/43,MTO,12 AF,USA,ITALY,SIBARI,MARSHALLING YARD,40038,""""""RR INSTALLATIONS"",,,,,,,"
"8/15/1943,15/08/43,MTO,12 AF,USA,ITALY,SIBARI,MARSHALLING YARD,40038,""""""RR INSTALLATIONS"",,,,,,,"
"8/15/1943,15/08/43,MTO,12 AF,USA,ITALY,SIBARI,MARSHALLING YARD,40038,""""""RR INSTALLATIONS"",,,,,,,"
"8/15/1943,15/08/43,MTO,12 AF,USA,ITALY,SIBARI,MARSHALLING YARD,40038,""""""RR INSTALLATIONS"",,,,,,,"
"8/15/1943,15/08/43,MTO,12 AF,USA,ITALY,SIBARI,MARSHALLING YARD,40038,""""""RR INSTALLATIONS"",,,,,,,"
8/15/1943,15/08/43,MTO,12 AF,USA,ITALY,MILAN,CITY AREA,28049,CITIES TOWNS AND URBAN AREAS,45.45,9.15,LANCASTER,82,35,,117
8/15/1943,15/08/43,MTO,12 AF,USA,ITALY,MILAN,CITY AREA,28049,CITIES TOWNS AND URBAN AREAS,45.45,9.15,LANCASTER,38,84,,122
8/15/1943,15/08/43,MTO,12 AF,USA,ITALY,MILAN,CITY AREA,28049,CITIES TOWNS AND URBAN AREAS,45.45,9.15,LANCASTER,302,,,302
8/15/1943,15/08/43,,8 AF,USA,UNKNOWN OR NOT INDICATED,UNIDENTIFIED,UNIDENTIFIED,44333,UNIDENTIFIED TARGETS,,,B25,3,,,3
8/15/1943,15/08/43,,8 AF,USA,UNKNOWN OR NOT INDICATED,UNIDENTIFIED,UNIDENTIFIED,44333,UNIDENTIFIED TARGETS,,,B25,3,,,3
8/15/1943,15/08/43,,8 AF,USA,UNKNOWN OR NOT INDICATED,UNIDENTIFIED,UNIDENTIFIED,44333,UNIDENTIFIED TARGETS,,,B25,10,,,10
8/15/1943,15/08/43,,8 AF,USA,UNKNOWN OR NOT INDICATED,UNIDENTIFIED,UNIDENTIFIED,44333,UNIDENTIFIED TARGETS,,,B25,10,,,10
8/15/1943,15/08/43,,8 AF,USA,UNKNOWN OR NOT INDICATED,UNIDENTIFIED,UNIDENTIFIED,44333,UNIDENTIFIED TARGETS,,,A20,1,,5,6
8/15/1943,15/08/43,,8 AF,USA,UNKNOWN OR NOT INDICATED,UNIDENTIFIED,UNIDENTIFIED,44333,UNIDENTIFIED TARGETS,,,A20,1,,5,6
8/15/1943,15/08/43,,8 AF,USA,UNKNOWN OR NOT INDICATED,UNIDENTIFIED,UNIDENTIFIED,44333,UNIDENTIFIED TARGETS,,,B25,11,,,11
8/15/1943,15/08/43,,8 AF,USA,UNKNOWN OR NOT INDICATED,UNIDENTIFIED,UNIDENTIFIED,44333,UNIDENTIFIED TARGETS,,,B25,11,,,11
8/15/1943,15/08/43,PTO,5 AF,USA,CORAL SEA AREA,ARAWE,UNIDENTIFIED TARGET,,,-6.166.666.667,1.490.666.667,B17,,,,
3/24/1945,24/03/45,PTO,5 AF,USA,PHILIPPINE ISLANDS,CEBU,UNIDENTIFIED TARGET,,,10.321.389,123.754.722,A20,,1,6,7
8/16/1943,16/08/43,MTO,12 AF,USA,ITALY,VILLA SAN GIOVANNI,,45319,,38.2,15.65,A36,16,,,16
3/24/1945,24/03/45,PTO,5 AF,USA,PHILIPPINE ISLANDS,CEBU,UNIDENTIFIED TARGET,,,10.321.389,123.754.722,A20,,1,6,7
4/15/1945,15/04/45,PTO,5 AF,USA,PHILIPPINE ISLANDS,MT MANDALAGAN,UNIDENTIFIED TARGET,,,1.066.666.667,123.25,A20,,,,
4/23/1945,23/04/45,PTO,5 AF,USA,PHILIPPINE ISLANDS,LEGASPI,UNIDENTIFIED TARGET,,,1.316.666.667,123.75,A20,,,,
05/03/1945,30/11/44,PTO,5 AF,USA,PHILIPPINE ISLANDS,MT BINICAYAN,UNIDENTIFIED TARGET,,,147.244,1.211.903,P51,,,,
7/28/1944,28/07/44,,8 AF,USA,UNKNOWN OR NOT INDICATED,UNIDENTIFIED,UNIDENTIFIED,44333,UNIDENTIFIED TARGETS,,,A20,1,,,1
7/28/1944,28/07/44,,8 AF,USA,UNKNOWN OR NOT INDICATED,UNIDENTIFIED,UNIDENTIFIED,44333,UNIDENTIFIED TARGETS,,,A20,1,,,1
7/28/1944,28/07/44,CBI,14 AF,USA,CHINA,CHANGESHA,UNIDENTIFIED TARGET,,,28.2,1.129.666.667,P40,,,,
7/28/1944,28/07/44,CBI,10 AF,USA,BURMA,MYITKYINA,BUILDINGS,,,2.538.333.333,97.4,P40,,1,,2
7/28/1944,28/07/44,CBI,10 AF,USA,BURMA,MYITKYINA,BUILDINGS,,,2.538.333.333,97.4,P40,,1,,1
05/11/1945,01/12/44,PTO,5 AF,USA,PHILIPPINE ISLANDS,MT HAPONANG BAN,UNIDENTIFIED TARGET,,,1.473.333.333,1.211.833.333,P51,,,5,5
"7/21/1942,21/07/42,PTO,5 AF,USA,,""""""4 MI S OF AMBASI"",,,,,,,,,,"
7/21/1942,21/07/42,PTO,5 AF,USA,NEW GUINEA,IVO GONA,SHIPPING,,,-7.8,1.480.333.333,B25,0.5,0,0,0.5
5/20/1945,20/05/45,PTO,5 AF,USA,PHILIPPINE ISLANDS,ECHAGUE,TROOP CONCENTRATION,,,16.75,1.216.666.667,A20,,,5,5
5/20/1945,20/05/45,PTO,5 AF,USA,PHILIPPINE ISLANDS,MALAGAYA,UNIDENTIFIED TARGET,,,16.7,121.65,A20,,,5,5
12/28/1944,02/01/44,PTO,14 AF,USA,FRENCH INDO CHINA,HAMTAO,UNIDENTIFIED TARGET,,,1.786.666.667,101.2,P51,,,,
07/05/1945,30/11/44,PTO,5 AF,USA,PHILIPPINE ISLANDS,BATAAN,UNIDENTIFIED TARGET,,,1.366.666.667,1.214.166.667,P47,,,,
07/06/1945,30/11/44,PTO,5 AF,USA,PHILIPPINE ISLANDS,BATAAN,AIRDROME,,,1.366.666.667,1.214.166.667,P47,,,,
7/14/1945,14/07/45,PTO,14 AF,USA,FRENCH INDO CHINA,LANG SON,COMMUNICATIONS,,,21.9,1.068.333.333,P38,,,,
7/28/1944,28/07/44,PTO,5 AF,USA,CELEBES ISLANDS,LOLOBATA,AIRDROME,,,1.25,1.281.166.667,B24,,,16,16
7/16/1945,16/07/45,PTO,14 AF,USA,FRENCH INDO CHINA,HANOI,BARGES,,,21.2,1.058.666.667,P38,,,,
7/23/1945,23/07/45,PTO,20 AF,USA,JAPAN,OSAKA,SUMITOMO MERAL IND,,,3.466.666.667,1.354.333.333,B29,,,,
1/18/1945,18/01/45,PTO,14 AF,USA,FRENCH INDO CHINA,PHULANG THUONG,BRIDGE,,,2.126.666.667,1.062.666.667,P38,,,,
7/28/1944,28/07/44,PTO,7 AF,USA,MARIANAS ISLANDS,TINIAN,VILLAGE,,,1.503.333.333,1.458.333.333,P47,,1,,1
1/29/1945,29/01/45,PTO,5 AF,USA,PHILIPPINE ISLANDS,BATAAN,AMMUNITION DUMP,,,1.366.666.667,1.214.166.667,P38,,,,
7/28/1944,28/07/44,PTO,RNZAF,NEW ZEALAND,BISMARK ARCHIPELAGO,VUNAPOPE,SUPPLY DUMP,,,-4.333.333.333,1.523.333.333,F4U,,3,,3
02/02/1945,30/11/44,PTO,5 AF,USA,PHILIPPINE ISLANDS,BUTUAN,BUILDING,,,8.916.666.667,1.256.666.667,P51,,,,
7/28/1944,28/07/44,PTO,5 AF,USA,NEW GUINEA,WEWAK,UNIDENTIFIED TARGET,,,-3.583.333.333,1.436.666.667,P39,,,,
02/03/1945,30/11/44,PTO,5 AF,USA,PHILIPPINE ISLANDS,CABALLO,GUN POSITIONS,,,1.433.333.333,1.205.833.333,A20,,,,
02/12/1945,01/12/44,PTO,5 AF,USA,PHILIPPINE ISLANDS,MARIVELES,UNIDENTIFIED TARGET,,,1.441.666.667,120.5,A20,,,,
2/14/1945,14/02/45,PTO,5 AF,USA,PHILIPPINE ISLANDS,CABALLO,GROUND INSTALLATIONS,,,1.433.333.333,1.205.833.333,A20,,,,
08/06/1945,30/11/44,PTO,20 AF,USA,JAPAN,HIROSHIMA,ATOMIC BOMB,,,34.4,1.324.666.667,B29,15000,0,0,15000
08/09/1945,30/11/44,PTO,20 AF,USA,JAPAN,NAGASAKI,ATOMIC BOMB,,,3.273.333.333,1.298.666.667,B29,20000,0,0,20000
08/11/1944,01/12/43,ETO,9 AF,USA,FRANCE,BREST,STRONG POINTS,5882,TACTICAL TARGETS: (UNIDENTIFIED OR NOT LISTED BELOW),48.4,-4.5,B17,30,,,30
08/11/1944,01/12/43,ETO,9 AF,USA,FRANCE,BREST,STRONG POINTS,5882,TACTICAL TARGETS: (UNIDENTIFIED OR NOT LISTED BELOW),48.4,-4.5,B17,56,,,56
08/11/1944,01/12/43,ETO,9 AF,USA,FRANCE,BREST,STRONG POINTS,5882,TACTICAL TARGETS: (UNIDENTIFIED OR NOT LISTED BELOW),48.4,-4.5,B17,36,,,36
08/11/1944,01/12/43,ETO,9 AF,USA,FRANCE,BREST,STRONG POINTS,5882,TACTICAL TARGETS: (UNIDENTIFIED OR NOT LISTED BELOW),48.4,-4.5,B17,36,,,36
6/25/1945,25/06/45,PTO,20 AF,USA,JAPAN,TOKUSHIMA,URBAN AREA,,,3.406.666.667,1.345.666.667,B29,4,,,4
6/25/1945,25/06/45,PTO,20 AF,USA,JAPAN,UJIYAMADA,URBAN AREA,,,34.5,136.7,B29,4,,,4
08/11/1944,01/12/43,ETO,9 AF,USA,FRANCE,BREST,STRONG POINTS,5882,TACTICAL TARGETS: (UNIDENTIFIED OR NOT LISTED BELOW),48.4,-4.5,B17,36,,,36
08/11/1944,01/12/43,ETO,9 AF,USA,FRANCE,BREST,STRONG POINTS,5882,TACTICAL TARGETS: (UNIDENTIFIED OR NOT LISTED BELOW),48.4,-4.5,B17,32,,,32
6/21/1945,21/06/45,PTO,20 AF,USA,JAPAN,AKASHI,KAWASAKI AC ENG PLAN,,,34.65,134.95,B29,6,,,6
08/11/1944,01/12/43,ETO,9 AF,USA,FRANCE,BREST,STRONG POINTS,5882,TACTICAL TARGETS: (UNIDENTIFIED OR NOT LISTED BELOW),48.4,-4.5,B17,50,,,50
08/11/1944,01/12/43,ETO,9 AF,USA,FRANCE,BREST,STRONG POINTS,5882,TACTICAL TARGETS: (UNIDENTIFIED OR NOT LISTED BELOW),48.4,-4.5,B17,30,,,30
6/25/1945,25/06/45,PTO,20 AF,USA,JAPAN,BANZAI,URBAN AREA,,,3.413.333.333,1.344.666.667,B29,6,,,6
08/11/1944,01/12/43,ETO,9 AF,USA,FRANCE,BREST,STRONG POINTS,5882,TACTICAL TARGETS: (UNIDENTIFIED OR NOT LISTED BELOW),48.4,-4.5,B17,32,,,32
08/11/1944,01/12/43,ETO,9 AF,USA,FRANCE,BREST,STRONG POINTS,5882,TACTICAL TARGETS: (UNIDENTIFIED OR NOT LISTED BELOW),48.4,-4.5,B17,41,,,41
6/21/1945,21/06/45,PTO,20 AF,USA,JAPAN,KAGAMIGAHARA,MIRSUBISHI A C CO,,,35.4,1.368.666.667,B29,6,,,6
6/21/1945,21/06/45,PTO,20 AF,USA,JAPAN,KAGAMIGAHARA,MISCELLANEOUS TARGET,,,35.4,1.368.666.667,B29,6,,,6
7/23/1945,23/07/45,PTO,20 AF,USA,JAPAN,SUSAKI,URBAN AREA,,,3.336.666.667,133.3,B29,6,,,6
08/11/1944,01/12/43,ETO,9 AF,USA,FRANCE,BREST,STRONG POINTS,5882,TACTICAL TARGETS: (UNIDENTIFIED OR NOT LISTED BELOW),48.4,-4.5,B17,39,,,39
7/29/1944,29/07/44,PTO,5 AF,USA,NEW GUINEA,UTAROM,UNIDENTIFIED TARGET,,,-36.166.666,133.666.666,B25,1,,,1
7/29/1944,29/07/44,PTO,5 AF,USA,NEW GUINEA,CAPE KARAKRA,WAREHOUSE,,,-2.366.666.666,1.326.666.667,B25,1,,,1
08/11/1944,01/12/43,ETO,9 AF,USA,FRANCE,BREST,STRONG POINTS,5882,TACTICAL TARGETS: (UNIDENTIFIED OR NOT LISTED BELOW),48.4,-4.5,B17,36,,,36
08/11/1944,01/12/43,ETO,9 AF,USA,FRANCE,BREST,STRONG POINTS,5882,TACTICAL TARGETS: (UNIDENTIFIED OR NOT LISTED BELOW),48.4,-4.5,B17,50,,,50
08/11/1944,01/12/43,ETO,9 AF,USA,FRANCE,BREST,STRONG POINTS,5882,TACTICAL TARGETS: (UNIDENTIFIED OR NOT LISTED BELOW),48.4,-4.5,B17,32,,,32
"08/11/1944,01/12/43,ETO,12 AF,USA,FRANCE,BELFORT,R R,3353,""""""RR INSTALLATIONS"",,,,,,,"
08/11/1944,01/12/43,ETO,9 AF,USA,FRANCE,BREST,STRONG POINTS,5882,TACTICAL TARGETS: (UNIDENTIFIED OR NOT LISTED BELOW),48.4,-4.5,B17,33,,,33
08/11/1944,01/12/43,ETO,9 AF,USA,FRANCE,BREST,STRONG POINTS,5882,TACTICAL TARGETS: (UNIDENTIFIED OR NOT LISTED BELOW),48.4,-4.5,B17,33,,,33
08/11/1944,01/12/43,ETO,9 AF,USA,FRANCE,BREST,STRONG POINTS,5882,TACTICAL TARGETS: (UNIDENTIFIED OR NOT LISTED BELOW),48.4,-4.5,B17,36,,,36
7/23/1945,23/07/45,PTO,20 AF,USA,JAPAN,KOCHI,URBAN AREA,,,3.356.666.667,1.335.333.333,B29,8,,,8
7/29/1944,29/07/44,PTO,7 AF,USA,MARIANAS ISLANDS,TINIAN,AMMO DUMP,,,1.503.333.333,1.458.333.333,P47,4,,,4
08/11/1944,01/12/43,ETO,9 AF,USA,FRANCE,BREST,STRONG POINTS,5882,TACTICAL TARGETS: (UNIDENTIFIED OR NOT LISTED BELOW),48.4,-4.5,B17,34,,,34
08/11/1944,01/12/43,ETO,9 AF,USA,FRANCE,BREST,STRONG POINTS,5882,TACTICAL TARGETS: (UNIDENTIFIED OR NOT LISTED BELOW),48.4,-4.5,B17,36,,,36
08/11/1944,01/12/43,ETO,9 AF,USA,FRANCE,BREST,STRONG POINTS,5882,TACTICAL TARGETS: (UNIDENTIFIED OR NOT LISTED BELOW),48.4,-4.5,B17,56,,,56
08/11/1944,01/12/43,ETO,9 AF,USA,FRANCE,BREST,STRONG POINTS,5882,TACTICAL TARGETS: (UNIDENTIFIED OR NOT LISTED BELOW),48.4,-4.5,B17,38,,,38
08/11/1944,01/12/43,ETO,9 AF,USA,FRANCE,BREST,STRONG POINTS,5882,TACTICAL TARGETS: (UNIDENTIFIED OR NOT LISTED BELOW),48.4,-4.5,B17,48,,,48
08/11/1944,01/12/43,ETO,9 AF,USA,FRANCE,BREST,STRONG POINTS,5882,TACTICAL TARGETS: (UNIDENTIFIED OR NOT LISTED BELOW),48.4,-4.5,B17,36,,,36
08/11/1944,01/12/43,ETO,9 AF,USA,FRANCE,BREST,STRONG POINTS,5882,TACTICAL TARGETS: (UNIDENTIFIED OR NOT LISTED BELOW),48.4,-4.5,B17,36,,,36
08/11/1944,01/12/43,ETO,9 AF,USA,FRANCE,BREST,STRONG POINTS,5882,TACTICAL TARGETS: (UNIDENTIFIED OR NOT LISTED BELOW),48.4,-4.5,B17,41,,,41
08/11/1944,01/12/43,ETO,9 AF,USA,FRANCE,BREST,STRONG POINTS,5882,TACTICAL TARGETS: (UNIDENTIFIED OR NOT LISTED BELOW),48.4,-4.5,B17,36,,,36
7/29/1944,29/07/44,PTO,5 AF,USA,NEW GUINEA,YARABOS,UNIDENTIFIED TARGET,,,-3.533.333.333,143.55,P39,1,,,1
7/29/1944,29/07/44,PTO,7 AF,USA,MARIANAS ISLANDS,TINIAN,AMMO DUMP,,,1.503.333.333,1.458.333.333,P47,2,,,2
08/11/1944,01/12/43,ETO,9 AF,USA,FRANCE,BREST,STRONG POINTS,5882,TACTICAL TARGETS: (UNIDENTIFIED OR NOT LISTED BELOW),48.4,-4.5,B17,36,,,36
08/11/1944,01/12/43,ETO,9 AF,USA,FRANCE,BREST,STRONG POINTS,5882,TACTICAL TARGETS: (UNIDENTIFIED OR NOT LISTED BELOW),48.4,-4.5,B17,32,,,32
08/11/1944,01/12/43,ETO,9 AF,USA,FRANCE,BREST,STRONG POINTS,5882,TACTICAL TARGETS: (UNIDENTIFIED OR NOT LISTED BELOW),48.4,-4.5,B17,32,,,32
7/29/1944,29/07/44,PTO,5 AF,USA,NEW GUINEA,WEWAK,SUPPLIES PERSONNEL,,,-3.583.333.333,1.436.666.667,B25,2,,,2
6/25/1945,25/06/45,PTO,20 AF,USA,JAPAN,KUSHIMOTO,URBAN AREA,,,3.346.666.667,1.357.666.667,B29,12,,,12
08/11/1944,01/12/43,ETO,9 AF,USA,FRANCE,BREST,STRONG POINTS,5882,TACTICAL TARGETS: (UNIDENTIFIED OR NOT LISTED BELOW),48.4,-4.5,B17,36,,,36
08/11/1944,01/12/43,ETO,9 AF,USA,FRANCE,BREST,STRONG POINTS,5882,TACTICAL TARGETS: (UNIDENTIFIED OR NOT LISTED BELOW),48.4,-4.5,B17,36,,,36
08/11/1944,01/12/43,ETO,9 AF,USA,FRANCE,BREST,STRONG POINTS,5882,TACTICAL TARGETS: (UNIDENTIFIED OR NOT LISTED BELOW),48.4,-4.5,B17,41,,,41
08/11/1944,01/12/43,ETO,9 AF,USA,FRANCE,BREST,STRONG POINTS,5882,TACTICAL TARGETS: (UNIDENTIFIED OR NOT LISTED BELOW),48.4,-4.5,B17,36,,,36
7/29/1944,29/07/44,PTO,5 AF,USA,NEW GUINEA,KAROEANI BAY,UNIDENTIFIED,,,-2.25,1.341.666.667,P39,1,,,1
7/29/1944,29/07/44,PTO,5 AF,USA,NEW GUINEA,SAOERI,VILLAGE,,,-1.083.333.333,1.363.333.333,P39,1,,,1
7/29/1944,29/07/44,CBI,10 AF,USA,BURMA,MYITKYINA,BUILDINGS,,,2.538.333.333,97.4,P40,,1,,2
7/29/1944,29/07/44,CBI,10 AF,USA,BURMA,MYITKYINA,GUN POSITIONS,,,2.538.333.333,97.4,P40,,1,,1
08/11/1944,01/12/43,ETO,9 AF,USA,FRANCE,BREST,STRONG POINTS,5882,TACTICAL TARGETS: (UNIDENTIFIED OR NOT LISTED BELOW),48.4,-4.5,B17,45,,,45
06/08/1945,30/11/44,PTO,20 AF,USA,JAPAN,KOCHI,KOCHI AIRFIELD,,,3.353.333.333,1.336.833.333,B29,12,,,12
"7/29/1944,29/07/44,ETO,9 AF,USA,GERMANY,HILDESHEIM,MARSHALLING YARD,19196,""""""RR INSTALLATIONS"",,,,,,,"
"7/29/1944,29/07/44,ETO,9 AF,USA,GERMANY,HILDESHEIM,MARSHALLING YARD,19196,""""""RR INSTALLATIONS"",,,,,,,"
7/29/1944,29/07/44,ETO,RAF,GREAT BRITAIN,GERMANY,FRANKFURT AM MAIN,CITY AREA,14703,CITIES TOWNS AND URBAN AREAS,50.1,8.67,LIGHT,2,,,2
7/29/1944,29/07/44,ETO,RAF,GREAT BRITAIN,GERMANY,FRANKFURT AM MAIN,CITY AREA,14703,CITIES TOWNS AND URBAN AREAS,50.1,8.67,LIGHT,42,,,42
7/29/1944,29/07/44,ETO,9 AF,USA,GERMANY,CUXHAVEN,UNIDENTIFIED TARGET,10147,UNIDENTIFIED TARGETS,53.88,8.7,B24,3,,,3
7/29/1944,29/07/44,ETO,9 AF,USA,GERMANY,CUXHAVEN,UNIDENTIFIED TARGET,10147,UNIDENTIFIED TARGETS,53.88,8.7,B24,3,,,3
7/29/1944,29/07/44,ETO,9 AF,USA,GERMANY,CUXHAVEN,UNIDENTIFIED TARGET,10147,UNIDENTIFIED TARGETS,53.88,8.7,B24,3,,,3
"7/29/1944,29/07/44,ETO,9 AF,USA,GERMANY,HILDESHEIM,MARSHALLING YARD,19196,""""""RR INSTALLATIONS"",,,,,,,"
7/29/1944,29/07/44,ETO,9 AF,USA,GERMANY,CITY TOT UNDER 6 TON,UNIDENTIFIED TARGETS,99997,UNIDENTIFIED TARGETS,,,B17,3,,,3
7/29/1944,29/07/44,ETO,9 AF,USA,GERMANY,CITY TOT UNDER 6 TON,UNIDENTIFIED TARGETS,99997,UNIDENTIFIED TARGETS,,,B17,3,,,3
7/29/1944,29/07/44,ETO,8 AF,USA,GERMANY,BADSULZA,UNIDENTIFIED TARGET,2399,UNIDENTIFIED TARGETS,51.08,11.62,B17,1,,,1
7/29/1944,29/07/44,ETO,8 AF,USA,GERMANY,BADSULZA,UNIDENTIFIED TARGET,2399,UNIDENTIFIED TARGETS,51.08,11.62,B17,1,,,1
7/29/1944,29/07/44,ETO,8 AF,USA,GERMANY,BADSULZA,UNIDENTIFIED TARGET,2399,UNIDENTIFIED TARGETS,51.08,11.62,B17,1,,,1
7/29/1944,29/07/44,ETO,8 AF,USA,GERMANY,UNIDENTIFIED,UNIDENTIFIED,44333,UNIDENTIFIED TARGETS,,,B17,2,,,2
7/29/1944,29/07/44,ETO,8 AF,USA,GERMANY,UNIDENTIFIED,UNIDENTIFIED,44333,UNIDENTIFIED TARGETS,,,B17,2,,,2
7/29/1944,29/07/44,ETO,,,GERMANY,MERSEBURG,LEUNA SYN OIL PLANT,27630,SYNTHETIC OIL REFINERIES,51.35,12,B17,38,,,38
7/29/1944,29/07/44,ETO,,,GERMANY,MERSEBURG,LEUNA SYN OIL PLANT,27630,SYNTHETIC OIL REFINERIES,51.35,12,B17,38,,,38
2/16/1945,16/02/45,CBI,10 AF,USA,BURMA,MONG YAI,ENEMY TROOPS,,,22.416.667,98.033.333,P38,1,,,1
2/16/1945,16/02/45,CBI,10 AF,USA,BURMA,NAMHSAWNG,SUPPLY CONCENT,,,2.223.333.333,9.741.666.667,P38,1,,,1
08/11/1944,01/12/43,ETO,9 AF,USA,FRANCE,BREST,STRONG POINTS,5882,TACTICAL TARGETS: (UNIDENTIFIED OR NOT LISTED BELOW),48.4,-4.5,B17,30,,,30
08/11/1944,01/12/43,ETO,9 AF,USA,FRANCE,BREST,STRONG POINTS,5882,TACTICAL TARGETS: (UNIDENTIFIED OR NOT LISTED BELOW),48.4,-4.5,B17,36,,,36
08/11/1944,01/12/43,ETO,9 AF,USA,FRANCE,BREST,STRONG POINTS,5882,TACTICAL TARGETS: (UNIDENTIFIED OR NOT LISTED BELOW),48.4,-4.5,B17,35,,,35
08/11/1944,01/12/43,ETO,9 AF,USA,FRANCE,BREST,STRONG POINTS,5882,TACTICAL TARGETS: (UNIDENTIFIED OR NOT LISTED BELOW),48.4,-4.5,B17,45,,,45
2/16/1945,16/02/45,PTO,20 AF,USA,JAPAN,TOKYO,URBAN AREA,,,3.566.666.667,139.7,B29,1,,,1
2/16/1945,16/02/45,CBI,10 AF,USA,BURMA,PANG LONG,TROOP CONCENTRATION,,,2.318.333.333,98.75,P47,1,,,1
08/11/1944,01/12/43,ETO,9 AF,USA,FRANCE,BREST,STRONG POINTS,5882,TACTICAL TARGETS: (UNIDENTIFIED OR NOT LISTED BELOW),48.4,-4.5,B17,56,,,56
2/16/1945,16/02/45,PTO,5 AF,USA,PHILIPPINE ISLANDS,TUGUEGARAO,UNIDENTIFIED TARGET,,,1.766.666.667,121.75,P61,,,,
08/11/1944,01/12/43,ETO,9 AF,USA,FRANCE,BREST,STRONG POINTS,5882,TACTICAL TARGETS: (UNIDENTIFIED OR NOT LISTED BELOW),48.4,-4.5,B17,36,,,36
2/16/1945,16/02/45,CBI,10 AF,USA,BURMA,MYINGAN,TOWN,,,2.083.333.333,9.583.333.333,B24,15,,,15
2/16/1945,16/02/45,CBI,14 AF,USA,CHINA,HAINAN ISLAND,UNIDENTIFIELD TARGET,,,30.6,1.143.333.333,P51,1,,,1
08/11/1944,01/12/43,ETO,9 AF,USA,FRANCE,BREST,STRONG POINTS,5882,TACTICAL TARGETS: (UNIDENTIFIED OR NOT LISTED BELOW),48.4,-4.5,B17,36,,,36
08/11/1944,01/12/43,ETO,9 AF,USA,FRANCE,BREST,STRONG POINTS,5882,TACTICAL TARGETS: (UNIDENTIFIED OR NOT LISTED BELOW),48.4,-4.5,B17,36,,,36
08/11/1944,01/12/43,ETO,9 AF,USA,FRANCE,BREST,STRONG POINTS,5882,TACTICAL TARGETS: (UNIDENTIFIED OR NOT LISTED BELOW),48.4,-4.5,B17,50,,,50
08/11/1944,01/12/43,ETO,9 AF,USA,FRANCE,BREST,STRONG POINTS,5882,TACTICAL TARGETS: (UNIDENTIFIED OR NOT LISTED BELOW),48.4,-4.5,B17,35,,,35
08/11/1944,01/12/43,ETO,9 AF,USA,FRANCE,BREST,STRONG POINTS,5882,TACTICAL TARGETS: (UNIDENTIFIED OR NOT LISTED BELOW),48.4,-4.5,B17,36,,,36
08/11/1944,01/12/43,ETO,12 AF,USA,FRANCE,45 40 N 006 20 E,GUN POSITIONS,90348,GUN EMPLACEMENTS,45.67,6.33,B26,48,,,48
08/11/1944,01/12/43,ETO,9 AF,USA,FRANCE,BREST,STRONG POINTS,5882,TACTICAL TARGETS: (UNIDENTIFIED OR NOT LISTED BELOW),48.4,-4.5,B17,35,,,35
08/11/1944,01/12/43,ETO,9 AF,USA,FRANCE,BREST,STRONG POINTS,5882,TACTICAL TARGETS: (UNIDENTIFIED OR NOT LISTED BELOW),48.4,-4.5,B17,35,,,35
08/11/1944,01/12/43,ETO,9 AF,USA,FRANCE,BREST,STRONG POINTS,5882,TACTICAL TARGETS: (UNIDENTIFIED OR NOT LISTED BELOW),48.4,-4.5,B17,36,,,36
08/11/1944,01/12/43,ETO,9 AF,USA,FRANCE,BREST,STRONG POINTS,5882,TACTICAL TARGETS: (UNIDENTIFIED OR NOT LISTED BELOW),48.4,-4.5,B17,33,,,33
08/11/1944,01/12/43,ETO,9 AF,USA,FRANCE,BREST,STRONG POINTS,5882,TACTICAL TARGETS: (UNIDENTIFIED OR NOT LISTED BELOW),48.4,-4.5,B17,34,,,34
08/11/1944,01/12/43,ETO,9 AF,USA,FRANCE,BREST,STRONG POINTS,5882,TACTICAL TARGETS: (UNIDENTIFIED OR NOT LISTED BELOW),48.4,-4.5,B17,35,,,35
08/11/1944,01/12/43,ETO,9 AF,USA,FRANCE,BREST,STRONG POINTS,5882,TACTICAL TARGETS: (UNIDENTIFIED OR NOT LISTED BELOW),48.4,-4.5,B17,34,,,34
08/11/1944,01/12/43,ETO,9 AF,USA,FRANCE,BREST,STRONG POINTS,5882,TACTICAL TARGETS: (UNIDENTIFIED OR NOT LISTED BELOW),48.4,-4.5,B17,32,,,32
08/11/1944,01/12/43,ETO,9 AF,USA,FRANCE,BREST,STRONG POINTS,5882,TACTICAL TARGETS: (UNIDENTIFIED OR NOT LISTED BELOW),48.4,-4.5,B17,38,,,38
08/11/1944,01/12/43,ETO,9 AF,USA,FRANCE,BREST,STRONG POINTS,5882,TACTICAL TARGETS: (UNIDENTIFIED OR NOT LISTED BELOW),48.4,-4.5,B17,36,,,36
08/11/1944,01/12/43,ETO,9 AF,USA,FRANCE,BREST,STRONG POINTS,5882,TACTICAL TARGETS: (UNIDENTIFIED OR NOT LISTED BELOW),48.4,-4.5,B17,35,,,35
8/16/1942,16/08/42,MTO,RAF,GREAT BRITAIN,SICILY,CATANIA,,,,37.47,15.06,LIBERATOR,,0,0,1
08/11/1944,01/12/43,ETO,9 AF,USA,FRANCE,BREST,STRONG POINTS,5882,TACTICAL TARGETS: (UNIDENTIFIED OR NOT LISTED BELOW),48.4,-4.5,B17,38,,,38
08/11/1944,01/12/43,ETO,9 AF,USA,FRANCE,BREST,STRONG POINTS,5882,TACTICAL TARGETS: (UNIDENTIFIED OR NOT LISTED BELOW),48.4,-4.5,B17,39,,,39
08/11/1944,01/12/43,ETO,9 AF,USA,FRANCE,BREST,STRONG POINTS,5882,TACTICAL TARGETS: (UNIDENTIFIED OR NOT LISTED BELOW),48.4,-4.5,B17,32,,,32
2/16/1945,16/02/45,ETO,15 AF,USA,AUSTRIA,HALL,ORD DEPOT,17665,SUPPLY DUMPS AND WAREHOUSES,47.28,11.5,B24,16,,,16
2/16/1945,16/02/45,ETO,15 AF,USA,AUSTRIA,HALL,ORD DEPOT,17665,SUPPLY DUMPS AND WAREHOUSES,47.28,11.5,B24,16,,,16
2/16/1945,16/02/45,ETO,15 AF,USA,AUSTRIA,HALL,ORD DEPOT,17665,SUPPLY DUMPS AND WAREHOUSES,47.28,11.5,B24,16,,,16
"2/16/1945,16/02/45,ETO,15 AF,USA,AUSTRIA,HALL,MARSHALLING YARDS,17665,""""""RR INSTALLATIONS"",,,,,,,"
2/16/1945,16/02/45,ETO,15 AF,USA,AUSTRIA,LANDSBERG,AIRDROME,23493,AIR FIELDS AND AIRDROMES,46.82,15.23,B17,25,,,25
2/16/1945,16/02/45,ETO,15 AF,USA,AUSTRIA,LANDSBERG,AIRDROME,23493,AIR FIELDS AND AIRDROMES,46.82,15.23,B17,4,,,4
2/16/1945,16/02/45,ETO,15 AF,USA,AUSTRIA,LANDSBERG,AIRDROME,23493,AIR FIELDS AND AIRDROMES,46.82,15.23,B17,3,,,3
2/16/1945,16/02/45,ETO,15 AF,USA,AUSTRIA,LANDSBERG,AIRDROME,23493,AIR FIELDS AND AIRDROMES,46.82,15.23,B17,25,,,25
2/16/1945,16/02/45,ETO,15 AF,USA,AUSTRIA,LANDSBERG,AIRDROME,23493,AIR FIELDS AND AIRDROMES,46.82,15.23,B17,4,,,4
2/16/1945,16/02/45,ETO,15 AF,USA,AUSTRIA,LANDSBERG,AIRDROME,23493,AIR FIELDS AND AIRDROMES,46.82,15.23,B17,3,,,3
2/16/1945,16/02/45,ETO,15 AF,USA,AUSTRIA,LANDSBERG,AIRDROME,23493,AIR FIELDS AND AIRDROMES,46.82,15.23,B17,25,,,25
2/16/1945,16/02/45,ETO,15 AF,USA,AUSTRIA,LANDSBERG,AIRDROME,23493,AIR FIELDS AND AIRDROMES,46.82,15.23,B17,4,,,4
2/16/1945,16/02/45,ETO,15 AF,USA,AUSTRIA,LANDSBERG,AIRDROME,23493,AIR FIELDS AND AIRDROMES,46.82,15.23,B17,3,,,3
2/16/1945,16/02/45,ETO,15 AF,USA,GERMANY,LECHFELD,AIRDROME,24294,AIR FIELDS AND AIRDROMES,48.17,10.87,B17,2,,,2
2/16/1945,16/02/45,ETO,15 AF,USA,GERMANY,LECHFELD,AIRDROME,24294,AIR FIELDS AND AIRDROMES,48.17,10.87,B17,2,,,2
2/16/1945,16/02/45,ETO,15 AF,USA,GERMANY,LECHFELD,AIRDROME,24294,AIR FIELDS AND AIRDROMES,48.17,10.87,B17,2,,,2
"2/16/1945,16/02/45,ETO,15 AF,USA,GERMANY,47 00 N 017 00 E,TRAIN,90101,""""""RR INSTALLATIONS"",,,,,,,"
08/11/1944,01/12/43,ETO,9 AF,USA,FRANCE,BREST,STRONG POINTS,5882,TACTICAL TARGETS: (UNIDENTIFIED OR NOT LISTED BELOW),48.4,-4.5,B17,32,,,32
08/11/1944,01/12/43,ETO,9 AF,USA,FRANCE,ILE DE CEZEMBRE,UNIDENTIFIED TARGET,20409,UNIDENTIFIED TARGETS,48.67,-2.07,A20,41,,,41
08/11/1944,01/12/43,ETO,9 AF,USA,FRANCE,BREST,STRONG POINTS,5882,TACTICAL TARGETS: (UNIDENTIFIED OR NOT LISTED BELOW),48.4,-4.5,B17,45,,,45
08/11/1944,01/12/43,ETO,9 AF,USA,FRANCE,BREST,STRONG POINTS,5882,TACTICAL TARGETS: (UNIDENTIFIED OR NOT LISTED BELOW),48.4,-4.5,B17,48,,,48
08/11/1944,01/12/43,ETO,9 AF,USA,FRANCE,BREST,STRONG POINTS,5882,TACTICAL TARGETS: (UNIDENTIFIED OR NOT LISTED BELOW),48.4,-4.5,B17,36,,,36
3/28/1945,28/03/45,PTO,20 AF,USA,FRENCH INDO CHINA MINING,PHNOM PENN,GOH SI CHANG CHANNEL,,,1.158.333.333,1.049.333.333,B29,2,,,2
6/21/1945,21/06/45,PTO,20 AF,USA,JAPAN,YOKKAICHI,UTSUBE OIL REFINERY,,,3.493.333.333,1.366.333.333,B29,34,,,34
08/11/1944,01/12/43,ETO,9 AF,USA,FRANCE,BREST,STRONG POINTS,5882,TACTICAL TARGETS: (UNIDENTIFIED OR NOT LISTED BELOW),48.4,-4.5,B17,36,,,36
08/11/1944,01/12/43,ETO,9 AF,USA,FRANCE,ILE DE CEZEMBRE,UNIDENTIFIED TARGET,20409,UNIDENTIFIED TARGETS,48.67,-2.07,B26,2,,,2
08/11/1944,01/12/43,ETO,9 AF,USA,FRANCE,ILE DE CEZEMBRE,UNIDENTIFIED TARGET,20409,UNIDENTIFIED TARGETS,48.67,-2.07,B26,2,,,2
04/08/1945,30/11/44,PTO,14 AF,USA,CHINA,EEISHIHKUAN [BEITAN],RAILROAD BRIDGE,,,34.741.576,112.944.802,P51,1,,,1
1/25/1945,25/01/45,PTO,20 AF,USA,THAILAND OR SIAM MINING,BANGKOK,MISCELLANEOUS TARGET,,,1.376.666.667,1.004.833.333,B29,2,,,2
08/11/1944,01/12/43,ETO,9 AF,USA,FRANCE,BREST,STRONG POINTS,5882,TACTICAL TARGETS: (UNIDENTIFIED OR NOT LISTED BELOW),48.4,-4.5,B17,32,,,32
2/16/1945,16/02/45,ETO,8 AF,USA,GERMANY,BURGSTEINFURT,CITY AREA,6679,CITIES TOWNS AND URBAN AREAS,52.17,7.35,B24,4,,,4
2/16/1945,16/02/45,ETO,8 AF,USA,GERMANY,BURGSTEINFURT,CITY AREA,6679,CITIES TOWNS AND URBAN AREAS,52.17,7.35,B24,1,,,1
2/16/1945,16/02/45,ETO,8 AF,USA,GERMANY,BURGSTEINFURT,CITY AREA,6679,CITIES TOWNS AND URBAN AREAS,52.17,7.35,B24,4,,,4
2/16/1945,16/02/45,ETO,8 AF,USA,GERMANY,BURGSTEINFURT,CITY AREA,6679,CITIES TOWNS AND URBAN AREAS,52.17,7.35,B24,1,,,1
2/16/1945,16/02/45,ETO,8 AF,USA,GERMANY,BURGSTEINFURT,CITY AREA,6679,CITIES TOWNS AND URBAN AREAS,52.17,7.35,B24,4,,,4
2/16/1945,16/02/45,ETO,8 AF,USA,GERMANY,BURGSTEINFURT,CITY AREA,6679,CITIES TOWNS AND URBAN AREAS,52.17,7.35,B24,1,,,1
"2/16/1945,16/02/45,ETO,8 AF,USA,GERMANY,49 20 N 011 40 E,RAILROAD,90196,""""""RR INSTALLATIONS"",,,,,,,"
2/16/1945,16/02/45,ETO,8 AF,USA,GERMANY,50 40 N 007 00 E,BRIDGE,90267,BRIDGES,50.67,7,A20,1,,,1
2/16/1945,16/02/45,ETO,8 AF,USA,GERMANY,50 40 N 007 00 E,BRIDGE,90267,BRIDGES,50.67,7,A20,1,,,1
2/16/1945,16/02/45,ETO,8 AF,USA,GERMANY,50 40 N 009 20 E,R R CARS,90288,MOVING TRAINS & ROLLING STOCK,50.67,9.33,B26,,30,,30
2/16/1945,16/02/45,ETO,8 AF,USA,GERMANY,50 40 N 009 20 E,R R CARS,90288,MOVING TRAINS & ROLLING STOCK,50.67,9.33,B26,,30,,30
2/16/1945,16/02/45,ETO,8 AF,USA,GERMANY,51 40 N 006 40 E,UNIDENTIFIED TARGETS,90399,UNIDENTIFIED TARGETS,51.67,6.67,B17,3,,,3
2/16/1945,16/02/45,ETO,8 AF,USA,GERMANY,51 40 N 006 40 E,UNIDENTIFIED TARGETS,90399,UNIDENTIFIED TARGETS,51.67,6.67,B17,3,,,3
08/11/1944,01/12/43,ETO,9 AF,USA,FRANCE,BREST,STRONG POINTS,5882,TACTICAL TARGETS: (UNIDENTIFIED OR NOT LISTED BELOW),48.4,-4.5,B17,39,,,39
2/20/1944,20/02/44,PTO,13 AF,USA,BISMARK ARCHIPELAGO,ST GEORGES CHANNEL,UNIDENTIFIED TARGET,,,-5.283.333.333,152.55,B24,1,,,1
08/11/1944,01/12/43,ETO,9 AF,USA,FRANCE,BREST,STRONG POINTS,5882,TACTICAL TARGETS: (UNIDENTIFIED OR NOT LISTED BELOW),48.4,-4.5,B17,36,,,36
08/11/1944,01/12/43,ETO,9 AF,USA,FRANCE,OISSEL,UNIDENTIFIED TARGET,32024,UNIDENTIFIED TARGETS,49.35,6,B26,1,,,1
7/28/1944,28/07/44,PTO,5 AF,USA,CELEBES ISLANDS,ALMAHERA,UNIDENTIFIED TARGET,,,1,128,B24,1,,,1
6/28/1945,28/06/45,PTO,7 AF,USA,BISMARK ARCHIPELAGO,2 47 S 141 4,UNIDENTIFIED TARGET,,,-2.783.333.333,141.7,B24,1,,,1
08/11/1944,01/12/43,ETO,9 AF,USA,FRANCE,ILE DE CEZEMBRE,UNIDENTIFIED TARGET,20409,UNIDENTIFIED TARGETS,48.67,-2.07,B26,2,,,2
01/01/1945,30/11/44,PTO,5 AF,USA,FORMOSA AND RYUKYU ISLANDS,5 15 S 120 0,PLANTATION,,,5.25,120.15,B24,1,,,1
09/03/1944,30/11/43,PTO,13 AF,USA,PALAU ISLANDS,KOROR ISLAND,TOWN,,,7.333.333.333,134.5,B24,3,,,3
6/28/1945,28/06/45,PTO,7 AF,USA,BISMARK ARCHIPELAGO,3 14 S 143 3,ENEMY SHIP,,,-3.233.333.333,1.435.833.333,B24,1,,,1
"08/11/1944,01/12/43,ETO,12 AF,USA,FRANCE,BELFORT,R R,3353,""""""RR INSTALLATIONS"",,,,,,,"
09/02/1944,30/11/43,PTO,13 AF,USA,PALAU ISLANDS,ARAKABESAN ISLAND,SEAPLANE BASE,,,7.35,134.45,B24,3,,,3
11/20/1943,02/01/43,CBI,14 AF,USA,CHINA,TZELI,UNIDENTIFIED TARGET,,,2.943.333.333,1.109.833.333,B25,1,,,1
03/07/1944,30/11/43,PTO,13 AF,USA,SOLOMON ISLANDS,MONOITU,BRIDGE,,,-6.683.333.333,1.554.333.333,B24,3,,,3
08/11/1944,01/12/43,ETO,9 AF,USA,FRANCE,ILE DE CEZEMBRE,UNIDENTIFIED TARGET,20409,UNIDENTIFIED TARGETS,48.67,-2.07,B26,35,,,35
08/11/1944,01/12/43,ETO,9 AF,USA,FRANCE,ILE DE CEZEMBRE,UNIDENTIFIED TARGET,20409,UNIDENTIFIED TARGETS,48.67,-2.07,B26,2,,,2
8/13/1944,13/08/44,PTO,5 AF,USA,CELEBES ISLANDS,ALMAHERA,UNIDENTIFIED TARGET,,,1,128,B24,1,,,1
6/29/1945,29/06/45,PTO,7 AF,USA,BISMARK ARCHIPELAGO,2 03 S 148 3,UNIDENTIFIED TARGET,,,-2.05,1.485.833.333,B24,1,,,1
2/19/1944,19/02/44,PTO,13 AF,USA,SOLOMON ISLANDS,BONIS,AIRDROME,,,-5.433.333.333,1.547.166.667,B24,3,,,3
3/28/1945,28/03/45,PTO,5 AF,USA,PHILIPPINE ISLANDS,APARRI,TOWN,,,1.833.333.333,1.216.666.667,B25,1,,,1
6/29/1945,29/06/45,PTO,7 AF,USA,BISMARK ARCHIPELAGO,2 10 S 140 0,ENEMY SHIP,,,-2.166.666.667,140,B24,1,,,1
5/15/1945,15/05/45,PTO,5 AF,USA,FORMOSA AND RYUKYU ISLANDS,SHINCHIKU,BUILDINGS,,,24.8,1.209.666.667,B24,3,,,3
6/16/1944,16/06/44,PTO,5 AF,USA,FORMOSA AND RYUKYU ISLANDS,1 50 N 129 0,UNIDENTIFIED TARGET,,,1.833.333.333,129,B24,1,,,1
6/21/1944,21/06/44,PTO,5 AF,USA,SOLOMON ISLANDS,PELAU ISLAND,UNIDENTIFIED TARGET,,,-5.216.666.667,159.45,B24,1,,,1
8/16/1943,16/08/43,MTO,12 AF,USA,ITALY,COSENZA,,9630,,39.27,16.25,A36,2,,,2
7/31/1945,31/07/45,PTO,5 AF,USA,JAPAN,KANOYA,AIR FIELD,,,3.136.666.667,1.308.333.333,P61,1,,,1
08/04/1945,30/11/44,PTO,5 AF,USA,JAPAN,KANOYA,AIR FIELD,,,3.136.666.667,1.308.333.333,P61,1,,,1
6/22/1944,22/06/44,PTO,5 AF,USA,NEW GUINEA,KOROKU,UNIDENTIFIED TARGET,,,-3.083.333.333,142,B24,1,,,1
7/18/1944,18/07/44,PTO,7 AF,USA,MARIANAS ISLANDS,TINIAN,GUN POSITIONS,,,1.503.333.333,1.458.333.333,P47,1,,,1
7/19/1944,19/07/44,PTO,5 AF,USA,PALAU ISLANDS,YAP ISLAND,DISPERSAL AREA,,,9.533.333.333,1.381.333.333,B24,1,,1,2
02/10/1945,01/12/44,PTO,5 AF,USA,PHILIPPINE ISLANDS,MANILA,AREA,,,1.458.333.333,121,P47,1,,,1
8/16/1943,16/08/43,ETO,8 AF,USA,FRANCE,BEAUMDNT LE ROGER,AIRDROME,3146,AIR FIELDS AND AIRDROMES,49.07,0.78,B26,31,,,31
8/16/1943,16/08/43,ETO,8 AF,USA,FRANCE,BEAUMDNT LE ROGER,AIRDROME,3146,AIR FIELDS AND AIRDROMES,49.07,0.78,B26,31,,,31
8/16/1943,16/08/43,ETO,,,FRANCE,LE BOURGET,AIRDROME,24003,AIR FIELDS AND AIRDROMES,48.96,2.43,B17,32,,,32
8/16/1943,16/08/43,ETO,,,FRANCE,LE BOURGET,AIRDROME,24003,AIR FIELDS AND AIRDROMES,48.96,2.43,B17,32,,,32
8/16/1943,16/08/43,ETO,,,FRANCE,LE BOURGET,AIRDROME,24003,AIR FIELDS AND AIRDROMES,48.96,2.43,B17,32,,,32
8/16/1943,16/08/43,ETO,,,FRANCE,,,99997,AIR FIELDS AND AIRDROMES,,,B17,2,,,2
8/16/1943,16/08/43,ETO,,,FRANCE,,,99997,AIR FIELDS AND AIRDROMES,,,B17,2,,,2
8/16/1943,16/08/43,ETO,,,FRANCE,,,99997,AIR FIELDS AND AIRDROMES,,,B17,2,,,2
8/16/1943,16/08/43,ETO,,,FRANCE,LE BOURGET,AIRDROME,24003,AIR FIELDS AND AIRDROMES,48.96,2.43,B17,42,,,42
8/16/1943,16/08/43,ETO,,,FRANCE,LE BOURGET,AIRDROME,24003,AIR FIELDS AND AIRDROMES,48.96,2.43,B17,42,,,42
8/16/1943,16/08/43,ETO,,,FRANCE,LE BOURGET,AIRDROME,24003,AIR FIELDS AND AIRDROMES,48.96,2.43,B17,42,,,42
8/16/1943,16/08/43,ETO,,,FRANCE,ABBEVILLE,,38,AIR FIELDS AND AIRDROMES,50.1,1.83,B17,12,,,12
8/16/1943,16/08/43,ETO,,,FRANCE,ABBEVILLE,,38,AIR FIELDS AND AIRDROMES,50.1,1.83,B17,12,,,12
8/16/1943,16/08/43,ETO,,,FRANCE,ABBEVILLE,,38,AIR FIELDS AND AIRDROMES,50.1,1.83,B17,12,,,12
8/16/1943,16/08/43,ETO,,,FRANCE,LE BOURGET,AIRDROME,24003,AIR FIELDS AND AIRDROMES,48.96,2.43,B17,38,,,38
8/16/1943,16/08/43,ETO,,,FRANCE,LE BOURGET,AIRDROME,24003,AIR FIELDS AND AIRDROMES,48.96,2.43,B17,38,,,38
8/16/1943,16/08/43,ETO,,,FRANCE,LE BOURGET,AIRDROME,24003,AIR FIELDS AND AIRDROMES,48.96,2.43,B17,38,,,38
8/16/1943,16/08/43,ETO,,,FRANCE,POIX,A D,34252,AIR FIELDS AND AIRDROMES,49.78,1.98,B17,12,,,12
8/16/1943,16/08/43,ETO,,,FRANCE,POIX,A D,34252,AIR FIELDS AND AIRDROMES,49.78,1.98,B17,12,,,12
8/16/1943,16/08/43,ETO,,,FRANCE,POIX,A D,34252,AIR FIELDS AND AIRDROMES,49.78,1.98,B17,12,,,12
8/16/1943,16/08/43,ETO,,,FRANCE,LE BOURGET,AIRDROME,24003,AIR FIELDS AND AIRDROMES,48.96,2.43,B17,37,,,37
8/16/1943,16/08/43,ETO,,,FRANCE,LE BOURGET,AIRDROME,24003,AIR FIELDS AND AIRDROMES,48.96,2.43,B17,37,,,37
8/16/1943,16/08/43,ETO,,,FRANCE,LE BOURGET,AIRDROME,24003,AIR FIELDS AND AIRDROMES,48.96,2.43,B17,37,,,37
8/16/1943,16/08/43,ETO,,,FRANCE,LE BOURGET,AIRDROME,24003,AIR FIELDS AND AIRDROMES,48.96,2.43,B17,38,,,38
8/16/1943,16/08/43,ETO,,,FRANCE,LE BOURGET,AIRDROME,24003,AIR FIELDS AND AIRDROMES,48.96,2.43,B17,38,,,38
8/16/1943,16/08/43,ETO,,,FRANCE,LE BOURGET,AIRDROME,24003,AIR FIELDS AND AIRDROMES,48.96,2.43,B17,38,,,38
8/16/1943,16/08/43,ETO,,,FRANCE,ABBEVILLE,,38,AIR FIELDS AND AIRDROMES,50.1,1.83,B17,27,,,27
8/16/1943,16/08/43,ETO,,,FRANCE,ABBEVILLE,,38,AIR FIELDS AND AIRDROMES,50.1,1.83,B17,27,,,27
8/16/1943,16/08/43,ETO,,,FRANCE,ABBEVILLE,,38,AIR FIELDS AND AIRDROMES,50.1,1.83,B17,27,,,27
8/16/1943,16/08/43,ETO,,,FRANCE,LE BOURGET,AIRDROME,24003,AIR FIELDS AND AIRDROMES,48.96,2.43,B17,40,,,40
8/16/1943,16/08/43,ETO,,,FRANCE,LE BOURGET,AIRDROME,24003,AIR FIELDS AND AIRDROMES,48.96,2.43,B17,40,,,40
8/16/1943,16/08/43,ETO,,,FRANCE,LE BOURGET,AIRDROME,24003,AIR FIELDS AND AIRDROMES,48.96,2.43,B17,40,,,40
8/16/1943,16/08/43,ETO,,,FRANCE,LE BOURGET,AIRDROME,24003,AIR FIELDS AND AIRDROMES,48.96,2.43,B17,32,,,32
8/16/1943,16/08/43,ETO,,,FRANCE,LE BOURGET,AIRDROME,24003,AIR FIELDS AND AIRDROMES,48.96,2.43,B17,32,,,32
8/16/1943,16/08/43,ETO,,,FRANCE,LE BOURGET,AIRDROME,24003,AIR FIELDS AND AIRDROMES,48.96,2.43,B17,32,,,32
8/16/1943,16/08/43,ETO,,,FRANCE,LE BOURGET,AIRDROME,24003,AIR FIELDS AND AIRDROMES,48.96,2.43,B17,38,,,38
8/16/1943,16/08/43,ETO,,,FRANCE,LE BOURGET,AIRDROME,24003,AIR FIELDS AND AIRDROMES,48.96,2.43,B17,38,,,38
8/16/1943,16/08/43,ETO,,,FRANCE,LE BOURGET,AIRDROME,24003,AIR FIELDS AND AIRDROMES,48.96,2.43,B17,38,,,38
8/16/1943,16/08/43,ETO,,,FRANCE,LE BOURGET,AIRDROME,24003,AIR FIELDS AND AIRDROMES,48.96,2.43,B17,35,,,35
8/16/1943,16/08/43,ETO,,,FRANCE,LE BOURGET,AIRDROME,24003,AIR FIELDS AND AIRDROMES,48.96,2.43,B17,35,,,35
8/16/1943,16/08/43,ETO,,,FRANCE,LE BOURGET,AIRDROME,24003,AIR FIELDS AND AIRDROMES,48.96,2.43,B17,35,,,35
8/16/1943,16/08/43,ETO,,,FRANCE,ABBEVILLE,,38,AIR FIELDS AND AIRDROMES,50.1,1.83,B17,25,,,25
8/16/1943,16/08/43,ETO,,,FRANCE,ABBEVILLE,,38,AIR FIELDS AND AIRDROMES,50.1,1.83,B17,25,,,25
8/16/1943,16/08/43,ETO,,,FRANCE,ABBEVILLE,,38,AIR FIELDS AND AIRDROMES,50.1,1.83,B17,25,,,25
8/16/1943,16/08/43,ETO,,,FRANCE,BERNAY,AIRDROME,3742,AIR FIELDS AND AIRDROMES,49.1,0.6,B26,30,,,30
8/16/1943,16/08/43,ETO,,,FRANCE,BERNAY,AIRDROME,3742,AIR FIELDS AND AIRDROMES,49.1,0.6,B26,30,,,30
8/16/1943,16/08/43,MTO,12 AF,USA,ITALY,TERRE DI FARO,SHIPS,43045,SHIPS,,,B25,18,,,18
8/16/1943,16/08/43,MTO,12 AF,USA,ITALY,TERRE DI FARO,SHIPS,43045,SHIPS,,,B25,18,,,18
8/16/1943,16/08/43,MTO,12 AF,USA,ITALY,MESSINA STRAITS,SHIPS,27693,SHIPS,38,15.58,B25,16,,,16
8/16/1943,16/08/43,MTO,12 AF,USA,ITALY,MESSINA STRAITS,SHIPS,27693,SHIPS,38,15.58,B25,16,,,16
8/16/1943,16/08/43,MTO,12 AF,USA,ITALY,MESSINA,TACTICAL TGT,27689,TACTICAL TARGETS: (UNIDENTIFIED OR NOT LISTED BELOW),38.18,15.57,A20,1,,5,6
8/16/1943,16/08/43,MTO,12 AF,USA,ITALY,MESSINA,TACTICAL TGT,27689,TACTICAL TARGETS: (UNIDENTIFIED OR NOT LISTED BELOW),38.18,15.57,A20,1,,5,6
8/16/1943,16/08/43,MTO,12 AF,USA,ITALY,STALETTI,ROAD BED TRESTLE,41696,BRIDGES,38.77,16.55,B25,2,,,2
8/16/1943,16/08/43,MTO,12 AF,USA,ITALY,STALETTI,ROAD BED TRESTLE,41696,BRIDGES,38.77,16.55,B25,2,,,2
8/16/1943,16/08/43,MTO,12 AF,USA,ITALY,MESSINA,TACTICAL TGT,27689,TACTICAL TARGETS: (UNIDENTIFIED OR NOT LISTED BELOW),38.18,15.57,B25,14,,,14
8/16/1943,16/08/43,MTO,12 AF,USA,ITALY,MESSINA,TACTICAL TGT,27689,TACTICAL TARGETS: (UNIDENTIFIED OR NOT LISTED BELOW),38.18,15.57,B25,14,,,14
8/16/1943,16/08/43,MTO,12 AF,USA,ITALY,MESSINA,TACTICAL TGT,27689,TACTICAL TARGETS: (UNIDENTIFIED OR NOT LISTED BELOW),38.18,15.57,B25,14,,,14
